1650924695836, dsf, ds, erw, we, w, t, f, 0
1650926137066, ew, ew, e, t, s, s, a, 1
1650926265966, ew, t, g, h, w, r, w, 1
1650930860177, harsh, dfs, we, g, s, s, , 1
1650930993766, harsh, 7412547896, temp, fsffdsfsd, sddsd, a, g, 1
1650931210385, ew, sd, s, a, g, a, b, 1
1650987784242, fds, sd, s, sd, w, d, s, 1
1650988026606, fsd, sd, se, w, t, b, s, 2
1650988737773, re, w, e, t, t, y, d, 2
1650991582822, fsfg, dfsf, sdfds, fssf, dfd, fdg, dfd, 2
1650991629346, dsf, dfgfh, gdfg, drg, dfgd, dfgd, dg, 1
